,kmeans,nouns
26,9,australients petition legalization cannabis please sign please upvote ( post karma )
38,9,marc emery marijuana activist years u.s prisons yesterday confinement reason please help gain exposure corruption ( post upvote visiblity please ! )
42,9,oregon measure legalize marijuana penalties amount campaign reddit oregon needs help please toke awareness !
100,9,idea please hear
129,9,cannabis ireland please vote show support )
132,9,florida ban sale anything inhale marijuana pipes bongs hookahs floridians support ! please upvote difference !
147,9,do sentence montana cannabis grower chris williams years prison ! please sign petition share weedist
215,9,please read care smoking cannabis
241,9,ents smoke basis lets honest please comment thanks
265,9,marijuana state please set example toke
287,9,please upvote north dakota chance get marijuana ! [ throwaway want dakotents see ! ]
379,9,please ents upvote visibility care karma help relieve inmates life sentence parole possession marijuana
398,9,washington oregon colorado ents please remember vote legalization tomorrow !
456,9,federal petition end prohibition marijuana post karma please upvote get word
746,9,hi guys friend patient gun point anyone spots san diego area please report sdpd immidiatley thank
822,9,guys please please please help way ! ( please upvote visibility post karma thanks )
928,9,demand place post tree acts kindness please uptoke visibility karma
967,9,create poll smoke marijuana please upvote visibility sake thank !
1014,9,please please ents ( story )
1128,9,snoop lion ama ! please upvote visibility
1149,9,brought tears yesterday ( younger ents please read )
1323,9,please weight
1380,9,psa rules subreddit please upvote visibility
1481,9,please mind ents
1544,9,please things store
1676,9,please stop fun peoples buds cannabis competition mature alter mind
1786,9,/r/trees psa home smoking apparatus selfpost please upvote visibility
1905,9,marijuana super pac started brothers push federal legalization please support
1987,9,nevada legislation legalize regulate cannabis consideration entire infrastructure please read bill differs co wa legalization
2237,9,please tell am [ ]
2498,9,united states senate vote end ban hemp week vote happen week tonight please contact officials !
2653,9,found please dog
2679,9,la ents vote may amount dispensaries la please read affects ! !
2722,9,karma please read ! ! !
2860,9,keep please
2865,9,caught aint [ ] please read downvote downvote
2989,9,yes please
3141,9,can somebody please tell
3383,9,drug test today please learn mistake !
