 irony,2
 equally important,2
 rules are simple put self-timer seconds push button try get far camera,1
 parents sent picture kitchen renovation,1
 martin freeman 's reaction hearing downton abbey won best series show sherlock national television awards,1
 friend is gardener sends photos work,1
 please design logo pie charts free,1
 funny church sign,1
 nice try usa almost pulled,1
 just caught watching freakazoid !,1
 ever feel bad,1
 excuse,1
 made tongue-in-cheek complaint isp sitting router solved problem,1
 lowrider florida.. driving not low,1
 funny !,1
 husband 's grandma resemblance is uncanny,1
 friend went man trying walk hurricane halloween ( wind involved ),1
 'before pic done right,1
 cartoon logic compilation,1
 bus knight,1
 just had heart attack work does !,1
 only logical thing do 've been caught picking nose national tv,1
 doctor was swedish national tv yesterday talkin risks getting cancer smoke looking,1
 was hit car transported hospital ambulance waiting er started playing iphone,1
 best place take dump,1
 walt chelyabinskney,1
 shouldnt ask help internet,1
 abc editorial producer tries get interview parent school shooting connecticut twitter gets well-deserved response,1
 started dating ruin friendship ask do things do,1
 bill cosby grandmothers,1
 tricked college speech class thinking had mexican accent months,1
 happened again !,1
 was n't single heated discussion table year happy thanksgiving mine yours,1
 got gift wrap option amazon,1
 man never have ever been eager get cleaning done,1
 simple yet brilliant,1
 perspective is everything,1
 kids playing water hose coast guard demonstration,1
 school administration local elementary school has good sense humor,1
 peek stephen colbert 's desk,1
 dog decided sit,1
 sometimes have be clear say things,1
 cnn using reddit html code background animation spotted last night daily show,1
 family hates mice rats have taken hiding beetroots house,1
 kevin smith vs tim burton,1
 celebrity stunt doubles,1
 eye doctor 's cactus knows bounds,1
 guy is always local malls always wears same type clothes is known creepy mall guy,1
 do n't think other kids took fancy dress seriously did,1
 guy trying sell koala pros cons cons are hilarious,1
 friend is going have interesting school year kid,1
 working construction,1
 star trek logic,1
 well fuck,1
 understanding kim jong-un,1
 cafeteria ninja,1
 is entirely fault reddit,1
 girlfriend sister wanted look casual roller coaster totally understand paid pic,1
 fine summary,1
 gave two-part final exam today calculator dude says 'll take non-calculator whips foot slide rule year = made,1
 uplifting poster college today,1
 redditors duluth mn accidently photograph other,1
 found coupon reddi-wip knew party back then,1
 posted pic facebook is reply cousin,1
 librarian problems,1
 look just won fucking lottery,1
 choose own adventure !,1
 babe caught slippin,1
 conan sexism,1
 something only do once,1
 am definitely stealing party rules,1
 was dentist 's office,1
 juuuuust passing,1
 always thought blanket was stupid girlfriend 's dog laid just right spot,1
 jessica biel 's,1
 too lazy turn,1
 compliments decor,1
 morning life,1
 mother 's prediction now call internet,1
 years ago november man pulled greatest version order pizza stranger 's house prank ever performed,1
 'm beginning think hotel cambodia was little dishonest flyer amenities,1
 friend took care graffitied swastika town only way knew,1
 double take,1
 thank firefox,1
 teacher pedophile,1
 feel today trying follow higgs boson stuff,1
 daughter fixed cousin 's barbie head popped not reattach,1
 got daughter pony christmas !,1
 best way deal dent,1
 looking expenses morning new intern please come office need talk,1
 suspense is killing !,1
 fifties were simpler time,1
 had gingerbread competition work is favorite entry,1
 someone rolled giant snowball streets madison,1
 dory speaking whale,1
 gee thanks kid,1
 meanwhile pizza places vancouver,1
 brother walked had explain was n't shopping dildos,1
 perfect crime,1
 nail biter 's worst nightmare ! !,1
 friends ordered pizza were drinking last night do n't think thought,1
 jurassic prank,1
 just mom hanging friends made london,1
 chris hadfield was recently crowned king space kazakhstan,1
 facebook friend is spain easter culture shock is beautiful,1
 reddit enhancement suite,1
 pillow cat [ ],1
 chase,1
 was recently selected okcupid moderator here 's picture was reported,1
 much hate say pretty damn accurate 4chan,1
 neighborly love note,1
 friend used have named bitch,1
 people are animals !,1
 glory hypnophone,1
 finally way carry ipad drinking coffee not look [ pic ],1
 satellite interview totally necessary nancy !,1
 getting grandma camera phone was best decision ever made disagree,1
 seems ordinary wedding video then gets awesome,1
 friend mine has motion camera backyard also plastic deer bow target practice found cameras back,1
 live grandparents is found tv remote morning,1
 guess 'll never get math,1
 watching game thrones online courtesy oatmeal,1
 years living here someone finally addressed woman,1
 dads reddit is make daughter quick ponytail,1
 cut pizza,1
 sometimes wear panda work is looks everyone walking library,1
 apple maps makes new york look was zombie infestation,1
 was looking irish inventions yesterday n't help notice caused year gap 14th 17th century inventions,1
 nostradamus psy,1
 t-rex trying things,1
 shitty_watercolor made cnn !,1
 stephen colbert,1
 university professor reading own teaching reviews class,1
 twin brothers,1
 alice dorothy bonding,1
 gymnastics boss ( x-post /r/gifs ),1
 year old sister handles stress,1
 pretty much sums almost conversation have mum,1
 roommate is asshole setting security alarms doors almost store went months finally found hidden wallet,1
 hawk have gotten bunny,1
 pictured louis c.k ama,1
 myspace tom gives well deserved response,1
 deprived loves sun,1
 friend 's mom gave did n't even see coming,1
 take christmas picture year cats.. was years,1
 not sure 've looked hard,1
 dad just moved tokyo asked picture view apartment,1
 children tax,1
 do want eat,1
 hitler finally loses patience reddit memes,1
 go ahead make,1
 was favorite shower,1
 north vs south korea,1
 patrick stewart actor,1
 last few members endangered species huddling together try survive,1
 nope,1
 wrote book years ago still get quarterly royalty checks,1
 best ads 've ever,1
 wii curling,1
 everyone likes good bread pun,1
 guys is funniest fucking star wars pic ever ! !,1
 city girl,1
 took little cousin trick-or-treating detroit,1
 definition done right !,1
 timed just right,1
 work waffle house is tip got last night graveyard shift,1
 dropped something,1
 dad hid camera find cats kept sneaking old bedroom 'd left college,1
 purge ever becomes real 'm posting old navy family,1
 saw waiter clearing plates local restaurant,1
 'm programmer tell girlfriend 'm working day then hear walking office,1
 well crafted beach photobomb,1
 know dog has done something bad,1
 april fools day think facebook switch status update box search box people are constantly posting updates people 're stalking,1
 95-year-old grandma updating facebook,1
 thank ken m,1
 'm pretty sure are called pictionary scrabble,1
 fuck police,1
 father law is contractor is installing mirror,1
 mom was worried trip grand canyon sent picture,1
 'm bad titles noticed bottom beer,1
 do school district 've just committed mass genocide \studentdata\ bring tears pre-teens,1
 moving back parent soon sums,1
 moment realized was now middle child,1
 good dr pepper,1
 jeopardy 've lost mind,1
 carp ( e ) diem,1
 jim carrey is inspiration,1
 guy right office is n't aware reflective glass is see-through side,1
 thanks telling everyone evil plan kim-jong-un,1
 gave mom decided cash today always include expiration date,1
 only wear convertible,1
 friend met justin timberlake got sign favorite said signed really fast ran blushing,1
 ready fight ! ! ! !,1
 reddit today spent entire day melted milk dud back pants point did realize 'll have start new life somewhere else ( pic ),1
 best absence note ever 5th grader tyler sullivan rochester whose dad ryan introduced obama honeywell,1
 businesses together peas pod,1
 florida man is terrible superhero,1
 dear caucasian neighbor,1
 banana programmer,1
 's getting lot colder here canada little decided improvise,1
 someone jokes smart car twitter respond best way possible,1
 things marines are n't telling navy,1
 creepiest ever,1
 taco bell,1
 got kick friends dad making fun facebook,1
 cat sends urgent fax,1
 dad did n't reading card bought,1
 balanced egg end daughter was really impressed,1
 do n't know people other countries keep beers cold uh.. here canada,1
 stupid chips,1
 best buy logo updated accuracy,1
 bus driver sense rail replacement bus service glasgow,1
 probably subtle scene naked gun,1
 boyfriend years are physicists here 's proposed,1
 bully called friends fruit basket were inspired here are uniforms school 's dodgeball tournament,1
 saw hanging mexican restaurant,1
 thanks snapple,1
 homemade subway pole,1
 snap !,1
 do call electrician plumber,1
 kulula airlines does n't take very seriously,1
 were willing cut hours just hire guy,1
 reddit ( regards boston bombing ) according taiwanese news,1
 response google not allowing porn google glass,1
 is not tumblr !,1
 alfred really does not get recognition deserves,1
 back future 's date was not today did n't create novelty account year ago let fb hoax rob flash mob karma years now,1
 not quite gold chuckled mom pointed friend,1
 colbert asks most important question neuroscience,1
 is norman,1
 neighbor has turbine bad bearing 's obnoxiously loud went check 's been real quiet lately,1
 behold ! majestic stone guardians canadian parliament,1
 back chatroulette was n't creepy is now found twin chatting,1
 never ask dad bring stuff school,1
 friend face swapped boyfriend chinese statue turned thousand times better expected,1
 's something strange neighborhood,1
 reddit seems take interest russia here 's inside scoop,1
 whoever wrote headline needs promotion !,1
 ipope location services !,1
 do grown men react thunder,1
 jaws,1
 's wrong !,1
 know mean,1
 oatmeal 's funny sad tale house burning years ago,1
 roommate trimmed beard sink clogged made clean came home,1
 happens take panoramic dog runs shot,1
 cnn pretty much got right..,1
 do n't fuck,1
 dad is funniest person knows ( right subreddit ),1
 hours first mexican wedding think 've gained trust think 'm dominican,1
 response women struggling drink water,1
 wife believes is better driver let dog decide,1
 powerful pictures r/pics bummed photoshoped cheer,1
 good game good game fuck good game,1
 know 's not cats oatmeal strikes again,1
 co-pilot 's first mission,1
 wife heart rate monitor gps watch sex miles new record,1
 delivery time,1
 got phd is is proud,1
 wish was life.. ( fb ),1
 designer turns negative client comments funny posters [ album ],1
 friends goats enjoys jump top things is daily occurrence,1
 overly manly man goes bar,1
 need jesus,1
 different perspectives,1
 think saw picture lysefjorden norway,1
 avoid perpetuating gender stereotypes gave daughter mix dolls toy cars play is happened,1
 man loves rake,1
 think outgrowing clothes is problem try outgrowing pet door !,1
 friend made custards were supposed be smiley faces,1
 man feel bad whoever made mistake,1
 cousin calls unfortunate sneeze,1
 clever bastard,1
 only thing left seaside heights new jersey,1
 last year interviewed tv job asked had ever directed shot car chases said yes went home shot sent back did n't get job,1
 pretty sure is sort astronomical phenomenon,1
 someone drew dorm room door hall,1
 do n't know eat worship !,1
 lost not much,1
 warming,1
 well played ikea valentines day offer,1
 canada had childhood [ x-post /r/polandball ],1
 timmys first time,1
 aww 's girl proposing guy bathroom !,1
 nuclear chess,1
 neil degrasse tyson is serving jury duty week,1
 manliest pacifier ever,1
 boss asked new tie christmas found,1
 netflix 's hidden april fool 's prank went too far,1
 found grandfather 's basement passed away have loved hear story !,1
 transformers revenge fallen,1
 fuck im batman,1
 sister went zoo,1
 was left argos words not describe,1
 screenshot reddit year,1
 just found lost son ryan gosling steve carell,1
 's going be 24hrs,1
 was impressed recent walmart experience had share [ fb ],1
 hard feelins,1
 year thousands men die stubbornness,1
 samuel jackson problems,1
 brief history history channel,1
 feel sorry other amas today,1
 average informercial,1
 wife doing right n't have wait gift charge open,1
 got high watched captain planet,1
 skrillex faces,1
 message take heart,1
 pretty much sums relationship motion sensor light bathroom work,1
 caught construction crew playing tetris,1
 fuck too scale asked opinion,1
 subtle,1
 clear snow,1
 difficult choice,1
 is today 's newspaper,1
 person thought be adorable give five-year-old novelty set uno cards thanks thanks lot,1
 duck is going here,1
 googled 'canada,1
 day messing landlord 's pavers decided change theme stopped toy store way home,1
 picture was taken morning sign said 'spine yesterday ಠ_ಠ,1
 well played psych exam,1
 sister has friends,1
 well played usaf,1
 asshole seal ( x-post r/animalsbeingjerks ),1
 ontario 's logo is official flower trillium see is guys chillin hot tub,1
 did double take bathroom stall morning name happens be matt,1
 have read is obviously foggot,1
 n't describe terrifying is see sign 've spent exhausting hours driving america get canadian border cruel trick,1
 wish olympic opening amp closing ceremonies,1
 chapelle 's show predicts future !,1
 know feeling ( saddest existence ),1
 friends were photo-bombed national aquarium,1
 look everyone won ! won ! won !,1
 oops,1
 's small things life,1
 was wrestling dog forgot never misses opportunity eat,1
 capitalism,1
 'll take,1
 gettin real tired shit magen,1
 found aussie pub,1
 only japan ( トイレおりがみ ),1
 do n't be dramatic xerox,1
 always good have humor dire situations,1
 sign is local gun store,1
 see whiteboard drawings raise freezer friday,1
 antistress,1
 had make advertisement photoshop class hope reddit enjoys !,1
 dad died few weeks ago was going old pictures noticed something favorite tv character..,1
 wife did n't appreciate fridge magnet poem,1
 did did print headlight,1
 apparently poseidon plays school 's water polo team,1
 are tracking son eats recent allergic reactions found friends visited,1
 omg look ugly picture is mess make hate boobs ass (,1
 most sons socks went missing wife discovered sock heaven,1
 fuck 'm flower,1
 karma,1
 year friend does 'silly picture roller coaster year was far best,1
 only find tumbleweave,1
 not sure felt sorry seriously,1
 is pay attention math class kids,1
 accuracy,1
 suspected arrested charged know guy,1
 guy yelp,1
 've been overseas months came back yesterday discovered house-mates have 'renovated bedroom,1
 puppy likes lay watch practise yoga makes kinda hard concentrate sometimes,1
 have sleeping disorder are monitoring sleep behavior guess n't travel bus today,1
 live same valley adam west decided look phone book today,1
 drove miles car n't pass,1
 cash oatmeal raised charity !,1
 is likes java,1
 just act nothing happpened,1
 is grandparents have started putting front door lately,1
 clever weather billboard,1
 poor newspaper titling,1
 can spot differences,1
 had job little girl,1
 man had sex mom,1
 great phil's-osophy,1
 had party random drunk guy couch left note,1
 awkward moment take fashion advice public trains,1
 attention detail,1
 today miracle occurred ikea,1
 came home this.. have ever done something was fun time was bad idea well imagine doing then not being able escape did,1
 friend snapped local wildlife sanctuary majestic,1
 west philly elementary school yard,1
 friend just posted facebook basketballer 's worst nightmare,1
 simpsons did ferrets sold dogs,1
 yesterday boston friend got photobombed kevin spacey jogging,1
 blackberry cures blind man !,1
 town 's local newspaper,1
 milk 's pretty rude,1
 chris brown cheating waitress,1
 goddammit bob,1
 sorry white house is internet ( album ),1
 chris brown album review stars ever,1
 dog attacks tv baseball,1
 secret santa really outdid year,1
 poor dr hedgehog,1
 mean whatever 's comfortable,1
 were n't kidding,1
 stealing wifi [ fb ],1
 keeping guns schools,1
 goes nyu,1
 brothers had few told story youth ( sorry was bit story someone pulled camera ),1
 leeeeroooooyyyyy mmjennnkins !,1
 get man 's job,1
 took staff friend photoshopped,1
 bought scratch lottery ticket last night anyone else seeing am,1
 ancient aliens guy,1
 made twitter account do is respond tweets have word universe,1
 license plate holder is really makes,1
 let 's race,1
 asked is minimum winning amount needed get picture taken,1
 trick !,1
 overcrowding british prisons,1
 someone decided be funny draw penis homework had turn regardless is teacher returned,1
 guy walks college staff everywhere goes finally asked replied trolls here lately did n't think,1
 paid student loans yesterday ! here am celebrating [ fixed ],1
 is present request,1
 do n't know 's technically ability,1
 wish have gotten valentine,1
 screw grocery store ! n't fall,1
 king hill thanksgiving,1
 get down 'll pew pew ! ( x-post r/newzealand ),1
 only logic get comfy couch party,1
 ad placement well is awkward,1
 searching fb people same name 'd replicate pic make own send friend request here are pics,1
 pretty much sums video game 've ever played,1
 took zoo present success gorilla,1
 almost had heart attack morning work,1
 kid managed lose tooth put pillow last night making tooth fairy 's work harder 's receiving gets home school,1
 best thing living switzerland,1
 class system america captured pic,1
 life party,1
 awkward,1
 hi reddit ! living nyc years decided start drawing animated guide newcomers city here is first series,1
 is google street view car iqaluit nunavut canada,1
 sweet jesus always been ! !,1
 medical advances,1
 difference science screwing,1
 see rollin,1
 girlfriend n't agree is suitable christmas tree substitute,1
 monkey mirror,1
 lovely moment shatter iphone 's touching penis 's back,1
 dog is fuckin creep,1
 kim-jong un graffiti found ireland,1
 cosby entitlement,1
 unadded regret nothing,1
 dog 'jack has mastered art putting bed,1
 little cousin posted fb was bored gave everyone new phone number ( pic ),1
 mom does daughter 's crazy day school,1
 high level wizards dueling ! ! !,1
 was going basement books found parents went silent,1
 parents have thought was retarded was kid,1
 sister hid fact had boyfriend brothers months tonight was first time got meet decided dress occasion,1
 reminded reddit works,1
 must have dropped keys locked car came back,1
 touché target ! happy whatever..,1
 guy walking college,1
 penguin ambassadors deal stairs,1
 is happens scientists get honest,1
 best dog 'll see day,1
 spilled drink everywhere waitress returned !,1
 brilliant,1
 let 's play spot cage !,1
 n't stop !,1
 dad has good sense,1
 biotics,1
 rise lights,1
 was wondering range bluetooth dongle was terrible..,1
 meanwhile venice,1
 girl is biggest rage,1
 well samsung canada has won again,1
 sit reddit a.m,1
 mcdonalds app is lifesaver,1
 friend mine 's father just posted facebook,1
 start young,1
 brilliant pbs ad,1
 [ nsfw ] vladimir putin gives thumbs topless protestor ( x-post /r/pics ),1
 guy is austrian politician is is wearing parliament,1
 calm storm,1
 thanks much comcast help using protection,1
 someone told slow nicki minaj songs sounds gay version jay-z tried 's totally true reddit give lunchtime project nicholas minjay-z ( now taking requests ),1
 scraping windshield work morning,1
 obama speech,1
 nah got shit do today,1
 excuse think dropped,1
 china vs great britain olympics:,1
 touché neighbor,1
 ron swanson tells is,1
 queen finishing sprint,1
 grover ( sesame street ) spoofs old spice guy,1
 little kids ask day is real,1
 see was added,1
 only do thing died..,1
 good guy louis ck just got email due frankenstorm,1
 fellowship lamp,1
 yearbook photos be color,1
 mother comes says bought years ago totally forgot ..here,1
 was watching friends rerun noticed,1
 nice kinda,1
 think browse /r/tipofmytongue lately,1
 very sassy !,1
 redditor parenting,1
 bought pillow ikea decided translate name,1
 anderson cooper is never too busy dish good burn,1
 moment george takai became gay,1
 hate applying jobs,1
 good job bringing home turkey dad !,1
 mom never understood was afraid deer painting bathroom kid thought foot was bottom jaw,1
 got banned distorting time mouse [ pic ],1
 tell google maps rich people live,1
 yeah 'm baseball game,1
 guy 's chest looks girl 's ass,1
 walked son watching tv freaked second,1
 fashion,1
 international symbol maybe 'll make sandwiches not sure just yet,1
 just bond being bond,1
 got dad skis christmas scare confuse wrapped,1
 call center employee is working holidays,1
 carlos,1
 today was good day,1
 is think final exam,1
 son just got shirt gift far likes reactions is getting,1
 realistic battle lion,1
 award overly attached girlfriend year goes,1
 father 's day,1
 fucked did n't,1
 truck pulled work today guy said trained sit,1
 pat yes =^_^=,1
 super puns,1
 just moved new apartment previous guy took oven racks 's 's way,1
 fucking creeper,1
 ready battle m'lord,1
 was slid door morning best neighbor ever people again,1
 irs is made people,1
 dedication page 'introduction algebraic topology,1
 whenever visit friends daughters,1
 tony hawk skating daughter,1
 came work today find printer,1
 turns friend is teacher [ fb ],1
 mantis shrimp is pretty damn awesome,1
 university does n't understand fractions,1
 's reaction real bear skin rug roommate brought home,1
 scientists amazed canadians,1
 star trek really did shitty job predicting future,1
 warehouse work guess did n't get memo,1
 hope get dog back,1
 is gym 's bathrooms,1
 sketches made cnn,1
 hyperbole half depression part ii ( aka first post year ),1
 made loud stay classy reddit,1
 richard nixon 's signature getting progressively lazier,1
 nice try blue,1
 obama daughters get tattoos too,1
 'm just gon na jog street light ooooohhhhh shiiiiiiiiiiiiiiiiiiiiitttt ! ! ! ! ! ! ! ! ! ! ! !,1
 virgin america is officially favorite,1
 know 're cool have vinyl decal own face,1
 fuck actually uses,1
 finally somebody got,1
 using aol search engine,1
 got banned /r/thestopgirl posting (,1
 traffic cam win !,1
 things jean-claude van damme said,1
 cat plays fruit ninja ipad,1
 yesterday copy manager work emailed everyone asking calendar orders emailed back saying needed cats doing karate found morning,1
 ups n't find house sent notice let know.. house,1
 friend threw party parents house cops came girl fell ceiling,1
 got banned /r/amiugly /r/amisexy,1
 boo ! got !,1
 had job !,1
 is never leave wireless printer unsecure,1
 swedish bodybuilder randomly sent friend request back statuses are now nearly sole reason still check facebook,1
 well know 'm ordering,1
 elementary school always taught,1
 then 's denny [ pic ],1
 ended local news weekend regrets,1
 vladimir putin is walking away something looks ought be exploding,1
 friend is teacher keeps tattle box classroom kids submit tattle tales went today,1
 nope.gif,1
 came bathroom find passed fuck hand sink water running full blast lights,1
 queue thai level,1
 netflix decided buffer futurama,1
 installed new coffee machine work anyone use placed sign best hours life ( have office right front break room ),1
 was browsing directions google maps suddenly,1
 guitar lessons,1
 actually read terms conditions chive found,1
 was playing hide seek year old nephew came room was scanned entire area left was hiding spot,1
 department likes joke,1
 best use ex-wife 's wedding dress snow camo !,1
 gordan ramsay is mad !,1
 year ago today was stabbed nearly died woke hospital few days later find,1
 biggest pet peeve web,1
 fuck do do now,1
 only wisconsin be necessary,1
 haha ..oh,1
 last minute son told was crazy day school,1
 drunk dumbass got trapped baby seat mcdonald 's last night,1
 message students summer break,1
 always make other 's presents hard open fun 's going hate year,1
 korean students learning english,1
 did not know onion was not real news,1
 windows phone test,1
 anyone draw said,1
 hate job,1
 's nothing better,1
 copper tile sq/ft,1
 true,1
 talk patience joke,1
 sometimes do too,1
 just have been looking !,1
 dad is tenured professor is closet,1
 mom ordered graduation cake cap drawn guess misheard,1
 hope 's typo,1
 'm sorry pinata bro,1
 category is people annoy,1
 introducing denim,1
 just wave boys wave,1
 walked kitchen saw sink is not cat..,1
 well sums youtube,1
 guy knows 's,1
 ever change name,1
 en route airport christmas day sometimes just got ta make do only have motorcycle,1
 's way skipping traffic morning,1
 alright quentin story checks,1
 best show watch,1
 comparing concrete adhesives lowes realized tables have turned,1
 mondays,1
 is women 's restroom purple cow restaurant freeport tx lift little door loud buzzer goes entire restaurant forcing do walk perverted shame restroom,1
 things is not others,1
 directv be craziest ex 've ever had,1
 saw guy just casually pumping gas,1
 'm done,1
 very efficient,1
 can be true,1
 new microwave came button scared press,1
 um thanks,1
 n't look fat said,1
 monopoly is old game,1
 am judging poor bastard,1
 sign mazda dealership canada best.sale.ever,1
 city half province is currently flooding mayor needed shame idiots [ x-post /r/calgary ],1
 made little friend trail,1
 'm pretty sure nbc news just called redditor repost,1
 personal appeal jimmy wales,1
 reading giant teddy bear did n't know not stop laughing,1
 first year little gets anything christmas gets,1
 think have lurked long enough,1
 rock photobombs fan ! ( x-post r/wwe ),1
 sharing is caring,1
 part inheritance dad always was funny guy were same envelope,1
 started getting windy irish festival is vendor kept shirts blowing away,1
 friend applied job pet store put application,1
 lvl mmo characters,1
 reddit ! entire campus just got shut gunman was campus turns was just friend monopod shooting web series does monopod look ak-47 cop pointing gun sure thought,1
 thanks nordstrom really needed new demonic creatures dreams,1
 ouch,1
 went parasailing yesterday asked someone take photos found camera,1
 was -10f morning weatherman tried make feel better putting temperatures kelvin,1
 police rioters come together help fat man trousers,1
 win tonight 's megamillion 's jackpot,1
 found shirt japan think just stuck together random words,1
 are telling 're not telling,1
 lesbians door,1
 thanks firefox,1
 are types nerds,1
 laughs taking dump,1
 rad dog pulled next red light,1
 dad is boss,1
 local library is taking people 's mugshot,1
 dodge tried shoot commercial truck local beach,1
 monty python’s review “hitchhiker’s guide galaxy” ( book ),1
 reporter was having wedding quake hit sichuan today went work immediately,1
 facebook just replace android app picture be smaller nobody notice thing,1
 coco,1
 thank mother nature,1
 wonder many times mistake was made,1
 just found local craigslist,1
 n't have daughter bringing black man house,1
 is happens let primary school kids vote name animal,1
 ups man knows do lunch right,1
 is surrey police ( uk ) have tweeted warnings icy roads style vanilla ice,1
 think someone has had enough,1
 ordered drink chinese restaurant got top,1
 minutes weather channel,1
 split-screen win,1
 asian people problems,1
 saw section walmart,1
 response red bull stratos slim jim has sponsored shortest freefall time ( x-post r/gifs ),1
 spotted cookie monster work today,1
 looking pictures reddit,1
 un-friendzoned [ fb ] [ fixed ],1
 do check signatures,1
 grammar matters,1
 was senior honors thesis got back,1
 disneyland is exact point miracles happen,1
 whiteboard drawings,1
 best technique ever existed,1
 seems weekend full excuses,1
 news here australia,1
 pixar presents police cars,1
 've reached peak human intelligence,1
 steve carell handles interview well ),1
 yesterday mcdonald 's owner asked throw away free newspapers,1
 instagram now sell photos,1
 samuel l dogson,1
 found taped desk arnold just n't change ways,1
 fish died was n't home asked cousin give proper flushing sent,1
 tea bags come,1
 's always time quick solo,1
 seems legit,1
 family member 's girlfriend had surgery stood was waking said [ fb ],1
 be valentine,1
 be does beat laser tag,1
 be terrible show,1
 yahoo buying tumblr billion summed,1
 best use construct straw,1
 good jim,1
 impress girl ( style ),1
 sister 's date sent bathroom,1
 big respect single dads dads choose adoption today !,1
 mom did n't know was picture day little sister did,1
 cut card board put light dorm room right room checks,1
 consideration bath towel poncho,1
 simple ways figure tall are,1
 episode pawn stars ever,1
 seemed appropriate valentines day reddit general,1
 angel bully,1
 be lsd kicks,1
 n't do much good actual fire ( oc ),1
 stumbled evil prank instagram,1
 german calendar predicted pope benedict 's resignation exact day holy smokes ! tomorrow 'll quit !,1
 back batman was year old girl,1
 year half,1
 well,1
 dog just got surgery think still be high anaesthetic,1
 great bar !,1
 congratulations friends are graduating !,1
 guys america are celebrating mothers mine sends,1
 found upvote pressing 'a,1
 perfect paint scheme smart [ x-post r/cars ],1
 domino 's effect,1
 genius scratched skirt bathroom sign fell,1
 'm bct drill sergeant told soldiers paragraph joined army got stack papers really private,1
 best film synopsis ever,1
 googled marine animals was not disappointed,1
 saw bed bath beyond,1
 friend girlfriend made cake daughters birthday party kids started crying was ugly,1
 man google maps,1
 hot balloon took city today,1
 tina fey 's daughter sounds hilarious,1
 majestic view san francisco bay area,1
 new favorite sports fan,1
 doctor said kinda look guy wall !,1
 little girl n't block shit,1
 am happened youtube,1
 london underground seems weird today,1
 mcdonalds town yesterday got bulldozed burger king found quite humorous,1
 local coffee shop loves mess mcdonalds,1
 friend mine won dwight schrute look-alike contest back,1
 stay classy chris,1
 saw unfortunate fellow shopping daughter,1
 couldnt sleep last night decided see face look kindergarten portrait now look santa 's happy helper,1
 billionaire lost bet,1
 found black arnold schwarzenegger psychology book today,1
 stars,1
 swedish cops goes call duty give guy parking ticket,1
 was watching avengers laptop airport was happening,1
 samuel l jackson father 's day,1
 close enough,1
 men just want watch office burn,1
 hospital heart infection friends know just cheer,1
 friend mine has problem slugs think is doing right,1
 men baby food department,1
 mom said need learn get,1
 listen obama call kanye jackass 'll make,1
 thing is pissing more,1
 found picture book thought was funny,1
 had girl first time new place begins,1
 ron swanson vegan bacon,1
 break foosball,1
 friend 's mom is elementary school teacher students told brought school did n't believe opened backpack,1
 friends daughter had school assignment write once sentence family member draw picture,1
 meanwhile johannesburg,1
 criminal mastermind work,1
 's much better cone shame,1
 dog was very distressed,1
 felix baumgartner first human travel faster speed light according msnbc,1
 emotional scars,1
 was good day,1
 be minutes wait,1
 hold still larry,1
 are make mistake,1
 order online domino 's tells name delivery driver,1
 google,1
 4chan is successfully voting kim jong un time 's person year,1
 does keep happening,1
 force is strong,1
 mom told behave leaving short trip state just wrote fake article had neighbor send 'm very good testing limits sense humor,1
 submit is hipster capital universe,1
 girls do n't guys complain exs [ fb ],1
 was happy movember meet guy,1
 air horn prank,1
 did n't know answer was,1
 best part clinton/colbert interview !,1
 last night crashed buddies place got get water,1
 be able print whatever hell want,1
 name plate boss 's desk,1
 well alright sir are doing fantastic good day,1
 president elmo phone pentagon today,1
 sir patrick stewart just tweeted picture,1
 friends sister got jump rope camp 's supposed say rope,1
 moment parent realize child has left room,1
 tech support boss,1
 is theoatmeal responds funnyjunk threatening file federal lawsuit are paid damages,1
 kid school thought be funny put bathroom stall door calc teacher 's desk protest pop quizzes was response last day school answers being combo,1
 favorite instagram user,1
 maybe nasa broadcast olympics,1
 bring colonel meow !,1
 dick takes best parking spot today,1
 dont think hulu 's april fools joke got enough credit,1
 told class was being observed today not be tardy student walked late handed,1
 good see university is spending money wisely,1
 working hours spending minutes cleaning snow car friend comes home masterpiece blocking driveway,1
 student thought tests logic was,1
 lord have mercy,1
 've worked post office years is first,1
 getting ready scene,1
 nerds vs hipsters,1
 is hilarious,1
 wurt wurt,1
 is fix things hungary,1
 whenever club days,1
 dad received mail yesterday blocked mini coopers mailing list sending hundreds emails,1
 rolled sidewalk chalk,1
 best back-to-school 've yet !,1
 drunk got dominos guy buy mcdonalds special instructions section,1
 tell irish are n't used summer is newspaper headlines,1
 is keep dog freaking groomer,1
 white house 's official reply death star petition,1
 made path house 've been running trying figure maze..,1
 emma stone is far best sister ever,1
 spontaneous wingman year [ fb ],1
 've been more specific said bring mask,1
 poop flew apollo according audio transcript,1
 buddy 's facebook timeline cover photos last couple months,1
 csi modern computer technology best,1
 was worth,1
 went town neighbors watched house dog came home find must plan retaliation !,1
 always enjoy peaceful morning drives are,1
 pure joy,1
 days ago suitemates made poster saying u guys suck posted window construction workers have been waking morning august was response today:,1
 work necessity,1
 lol pr guy caught slippin,1
 best senior quotes ever,1
 mom found old room made want back high,1
 seems nothing is safe here,1
 god hope not,1
 turns sophomores are dumbest people entire universe,1
 meanwhile driving los angeles ( facebook feed ),1
 'm not exotic !,1
 work mall started playing christmas music nov lady runs cookie place made protest,1
 april o'neil cosplay,1
 talk embarrassing baby pictures,1
 'll fire fog machine then 'll run fog field 'll look cool !,1
 parents took away sisters phone week 've uploaded facebook doing right !,1
 is farm !,1
 years ago unknowingly bought person child 's tent thinking was adult sized still took festival,1
 ellen degeneres gets good look katy perry grammy awards,1
 baby owl hit window gave look whole time,1
 mantis style,1
 gf last night just sent subject 'soon,1
 family has pet well is n't fond others,1
 kind puts things perspective,1
 was n't told level,1
 someone library was n't happy,1
 's been years still clue,1
 miracle whip sent letter stephen colbert made fun mayo show well played miracle whip well played,1
 time try download freeware,1
 possibly be best winter jacket ever,1
 showed facebook feed,1
 portland cops,1
 quick take shot ( sigh ) damnit,1
 hit gas !,1
 girlfriend 's dog someone 's door,1
 always try be optimist goose here,1
 grandma has new tv dvd player is having trouble using new remotes helped little bit,1
 new york city does not fail impress,1
 poured right glass was supposed !,1
 pub staff t-shirts wrong,1
 car stereo wanted years ago v.s want today,1
 watched office space again yesterday made honor,1
 reminds drunken girls trying pose picture,1
 best kind error,1
 funniest have,1
 best friend got married yesterday sister held years just wedding day,1
 deal videobombers,1
 mom,1
 n't escape awkward situation ripping label,1
 's boyfriend 's birthday today is card received work colleagues,1
 ed o'neill has been reading reading same newspaper years,1
 wtf just happened,1
 watching spelling bee espn2 come awesome kid,1
 months later,1
 eye contact level = expert,1
 ordered sugar free jelly belly 's online arrived individually wrapped !,1
 think 's something neighbors are n't telling,1
 told photoshop championship picture n't be did,1
 live be,1
 here 's police report town 's newspaper,1
 was waiting line minutes,1
 just noticed inside zipper new pants,1
 just movies !,1
 photobomb [ ],1
 third grader 's honest response,1
 do not have money am sending drawing did spider instead,1
 secretly added minor detail colleague 's desktop picture,1
 interception ! ! ! [ ],1
 idea reddit shirt got rejected nsfw,1
 sorry is repost saw gym today made,1
 serious issue,1
 think city just got new gang,1
 now vs then,1
 tried surprise worked,1
 advertising finest !,1
 big ronald mcdonald blew town today,1
 have won halloween,1
 toss ball,1
 op surely deliver ..he did !,1
 jackpot work is growing,1
 lannister always walks pets,1
 simplify r/funny submission process,1
 seth rogen gets right,1
 now am collecting most gifs found amusing useful are use wisely,1
 spotted stater bros be careful !,1
 friend met tom hanks stole glasses pretended be wasted,1
 is big guys,1
 woman is nicolas cage,1
 figured control jukebox bar street phone office,1
 congratulations !,1
 perfection,1
 laughed entire time ordered,1
 watching news morning..,1
 wanting cali girl [ slightly nsfw ],1
 ikea monkey explanation,1
 made obama poster wanted share reddit,1
 got yearbooks best history teacher ever,1
 favorite hulk,1
 report news,1
 convinced room mate charge flash drive n't die presentation,1
 spaghetti !,1
 friend jay is clearly having fun japan,1
 slow google,1
 friend 'accidentally included wrong link final research paper reference page,1
 sweet sweet irony cosmo criticizing reddit giving sex advice,1
 ! ohhhhh…,1
 is girlfriend does n't try talk dogs (,1
 4chan photoshop masters,1
 real guy 's office,1
 pool,1
 police report ski town colorado,1
 actually had help down.. idiot,1
 well shit,1
 just do n't make used,1
 shit 's get real,1
 was n't sure package was oz mailbox use scales home improvised,1
 honey badger ftw,1
 takes more muscles frown does,1
 have many 'soon pictures has be ultimate 'soon,1
 dad 's outdated firestation underwent massive renovations mother was bit disconcerted decided leave original pole tribute old station,1
 walked little cousins,1
 people ever went internet search history,1
 homework draw favorite part mass is son draws,1
 obama cnn correspondent 's dinner,1
 other day dog got attacked raccoon set trap is caught,1
 finally made fancy facebook cover,1
 's begun adopted yesterday,1
 know reddit loves cats made,1
 is advertising pizza place next amy 's baking company,1
 advertisements local science museum,1
 school was assigned make worst floor plan house possible got,1
 friend 's submission peep art contest,1
 friend got separated group vegas night managed make back room morning was passed holding phone turned picture popped,1
 new rule use phone ! something,1
 comedian kurt braunohler hired sky writer do la,1
 north korea 's new super ultimate supreme camoflage,1
 exciting start finish,1
 oh headlines blowin mind,1
 real reason refuse leave korea matter,1
 still favorite always sunny moment,1
 neil degrasse tyson daily show jon stewart,1
 guess horse meat scandal is getting worse,1
 say guy is good,1
 japanese stripping,1
 well timed panoramic,1
 well 's way take nap,1
 parents is years marriage still know embarrass kids,1
 dog skis [ ],1
 reddit trying solve boston bombing case,1
 ok is frustrating,1
 being mormon n't look porn nudity have get creative,1
 jonathan coulton megaupload being shut,1
 soon,1
 morgan freeman tests new google eyelids,1
 pay-what-you-want holiday pack did spent money [ infographic ],1
 look self-satisfied little face cheeky shit,1
 better super bowl ad old spice man man smell,1
 click woman,1
 was playing google face detection,1
 well just made ( downvote color now blue ),1
 friend mine thinks be getting fired,1
 'm honestly bad,1
 kid 'm realist,1
 *too,1
 coffeecoffeecoffee,1
 nobody warned,1
 friend asked photoshop alcohol picture,1
 hard believe second x-files was more realistic csi,1
 pants seem be weird mood morning,1
 life whale biologist,1
 seize moment,1
 are !,1
 buy cheaper car england said nobody know difference said,1
 watch porn annoying live cam popup comes aaaaand 's painting,1
 art project got sent counselor middle school,1
 someone teach jack lew cursive abomination signature is grace dollar bill,1
 storage wars really review tweets tv,1
 move captcha,1
 proper way drive arizona summer,1
 well samsung canada has won,1
 muslimrage,1
 hilarious top second films ( nsfw language ),1
 british do obesity..,1
 not cool,1
 dads shop hollister,1
 king butthole,1
 trying kill,1
 moved japan met neighbor,1
 goddammit mr.noodle !,1
 just thing,1
 anonymous proxy,1
 wife came said take shirt,1
 god fucking dammit,1
 strong winds here wa,1
 scumbag sim,1
 exam,1
 found local bk yes was afraid press,1
 girl school won miss universe friend was lucky enough get picture,1
 dr dre just posted twitter,1
 seriously ups 'm years old,1
 typical day work,1
 office mate was vacation thought 'd plant garden,1
 is n't next album cover 're doing wrong,1
 had mini heart attack looked n saw trampoline developed hole thought was hilarious,1
 ever lonely,1
 local restaurant paid dollars make commercial entire budget went robot costume here is,1
 waiters answer cashless society,1
 father,1
 (,1
 regarding sexism batman is spot,1
 dog dentist,1
 read wife 's tampons 'm having bad day always seem cheer,1
 only playing scrabble mum,1
 store understands,1
 james face,1
 wise words andre,1
 seeing shh cat n't get scene head,1
 torture anyone,1
 pleases see is proper method weigh owl,1
 've been waiting years typo appear,1
 best landlords ever [ fb ],1
 bright side global warming,1
 bill gates just updated ama picture..,1
 hi reddit years auditioning booked first commercial say huh amp t spot just wanted share,1
 electronics shop daughter says look dad ! 'm tv,1
 bizzaro does again,1
 microsoft have done,1
 cnn reporting looting cannibalism !,1
 lenin hustler,1
 grenade training,1
 've been doing wrong whole time,1
 watch sarcasm walmart,1
 jennifer lawrence,1
 cards humanity just came pay-what-you-want holiday pack just thought 'd give shot,1
 looks normal spoon right,1
 met bill murray,1
 used kid,1
 was due promotion,1
 brilliant marketing,1
 rocks,1
 musician witnesses united airlines baggage handlers throwing guitar guitar is wrecked united n't help singer writes makes video united breaks guitars,1
 school advertised mac cheese tonight dining hall,1
 people found review helpful ( pic ),1
 damnit dad only had thing,1
 robin williams,1
